gi|57236892|ref|NC_003912.1|orphan_23|Start:1071137|Strand:+	1	310	ACTTATACAAAAATCTTTCATAAATTGTTTCAGAAGTTAAAGAGTTTGTTTGGTA-AATTACATTAAGGGTTTAAGCCGC-AGGCTGACCCCCTACGGCTAAATTGTGAAACCCCTGAAAGAAGGT-AACTCAATGAGGCTCATAAAACTCATTCTAGTAGTTATTATACTGCTTTGTTTATTTATAGTCAAGGCATATTAACCAAGCGCCATTTTGGGGAAACTAGAGTGGGT---TACCTGCGG--TATCAAACAAAC-TTTTAACCAAGCTTATCTCCTTTATATTGAATTATTTTATTTTTTAATTTATATTTTT	gi|1829614087|gb|CP048772.1|	127138	127433	ACTTATACAAAAATCTTTCATAAATTGTTTCAGAAGTTAAAGAATTTGTTTGGTATAATTACATTAAGGGTTT-TGCCACAAGGCTGCAACCCTGTGGC---ATAATCACACCCTAGAAAGGGGGTGAACTATATG------ACACGACTCATACT--TA-TAATTATACTAATTTGTATAATTACTGTCAAGGCTTATTAGCCTTGCCCC--TTTGGGG--------GTGAGTTTCTCCTTGTGGCTTACCCAACAAACTTTTTAACTAAACTTCTCTCCTTTCTATTGATTTTCTATATTTGAAAAATTTTATTTTT	2.08e-38	163.0	73.354	1/1	79	1.0	0.9790559075886843	1.0	0.9926695676560395
gi|57236892|ref|NC_003912.1|orphan_2|Start:39346|Strand:+	8	361	TATATACTTCCTTTAGGTTTTAAACCTAAATGTTCTTTTAATTATCATTGTTAAGAGTCACAAGCAAGTTTTAATAAAAACAATTTTACAGGACTTGTTAAAGGATAAAACCTATTTATCTTTT-CTTTAG--------------TTTAACTTAAC--TTTTAG--CTGTCTTC----TCTTCTATGAATAAAGAGAATATTAGATTTAAGGATTATAAATTAAAGACAAGTTTCAAACTC-ACAGCTTAGTTGA--GACTAAATCATTTAGTT------TTATATT------------AAGTGTTTGAATGCTTTCCGTCTTAAGA-------TAAAGAAGTCTTATCATAAAAACTTTAACAAGGAAGTGATGCGTTTTAGAATCAA-TAATAAAAGGTAAAAA	gi|2198377002|gb|CP059597.1|	206825	207225	TATATGTTTATTTTAGGTTTTAAACCTAAATGTTCTTTTACTTACCAATGTTAAAAGTCACAAGCAAGTTTTAA---AAACAATTTTACTGAACTTGTTAAAGAATAAAACTTCACTGTCTTTTTCTTTAAAAAACTAAAAAGAATTTAAAATAATGTTTTTAGTGCTTTATTAATTATTTTTTATCA-TAAATA-AATATTTAAATAAAAAATTAAAAAATATATTTAATTTTCTTTCTTTATTTCTTTTTTTAAAGAATAAGTTTTAAACTTCACAGCTTATATTGTTGCTTAATATAAGTGTTTAAATGCTTTCCGTCTTAAGACAGATATTAAAGAAGTCTTATTATAAAAACTTTAACAAGGAAGTGATGCGTTTTAGAATCAACTAAAAAAAGGTAAAAA	1.14e-47	194.0	71.182	1/1	97	1.0	0.892361659012726	1.0	0.9623265806544541
gi|57236892|ref|NC_003912.1|orphan_17|Start:777120|Strand:+	8	361	TATATACTTCCTTTAGGTTTTAAACCTAAATGTTCTTTTAATTATCATTGTTAAGAGTCACAAGCAAGTTTTAATAAAAACAATTTTACAGGACTTGTTAAAGGATAAAACCTATTTATCTTTT-CTTTAG--------------TTTAACTTAAC--TTTTAG--CTGTCTTC----TCTTCTATGAATAAAGAGAATATTAGATTTAAGGATTATAAATTAAAGACAAGTTTCAAACTC-ACAGCTTAGTTGA--GACTAAATCATTTAGTT------TTATATT------------AAGTGTTTGAATGCTTTCCGTCTTAAGA-------TAAAGAAGTCTTATCATAAAAACTTTAACAAGGAAGTGATGCGTTTTAGAATCAA-TAATAAAAGGTAAAAA	gi|2198377002|gb|CP059597.1|	1327431	1327031	TATATGTTTATTTTAGGTTTTAAACCTAAATGTTCTTTTACTTACCAATGTTAAAAGTCACAAGCAAGTTTTAA---AAACAATTTTACTGAACTTGTTAAAGAATAAAACTTCACTGTCTTTTTCTTTAAAAAACTAAAAAGAATTTAAAATAATGTTTTTAGTGCTTTATTAATTATTTTTTATCA-TAAATA-AATATTTAAATAAAAAATTAAAAAATATATTTAATTTTCTTTCTTTATTTCTTTTTTTAAAGAATAAGTTTTAAACTTCACAGCTTATATTGTTGCTTAATATAAGTGTTTAAATGCTTTCCGTCTTAAGACAGATATTAAAGAAGTCTTATTATAAAAACTTTAACAAGGAAGTGATGCGTTTTAGAATCAACTAAAAAAAGGTAAAAA	1.14e-47	194.0	71.182	1/-1	97	1.0	0.892361659012726	1.0	0.9623265806544541
gi|57236892|ref|NC_003912.1|orphan_6|Start:434161|Strand:+	8	361	TATATACTTCCTTTAGGTTTTAAACCTAAATGTTCTTTTAATTATCATTGTTAAGAGTCACAAGCAAGTTTTAATAAAAACAATTTTACAGGACTTGTTAAAGGATAAAACCTATTTATCTTTT-CTTTAG--------------TTTAACTTAAC--TTTTAG--CTGTCTTC----TCTTCTATGAATAAAGAGAATATTAGATTTAAGGATTATAAATTAAAGACAAGTTTCAAACTC-ACAGCTTAGTTGA--GACTAAATCATTTAGTT------TTATATT------------AAGTGTTTGAATGCTTTCCGTCTTAAGA-------TAAAGAAGTCTTATCATAAAAACTTTAACAAGGAAGTGATGCGTTTTAGAATCAA-TAATAAAAGGTAAAAA	gi|2198377002|gb|CP059597.1|	206825	207225	TATATGTTTATTTTAGGTTTTAAACCTAAATGTTCTTTTACTTACCAATGTTAAAAGTCACAAGCAAGTTTTAA---AAACAATTTTACTGAACTTGTTAAAGAATAAAACTTCACTGTCTTTTTCTTTAAAAAACTAAAAAGAATTTAAAATAATGTTTTTAGTGCTTTATTAATTATTTTTTATCA-TAAATA-AATATTTAAATAAAAAATTAAAAAATATATTTAATTTTCTTTCTTTATTTCTTTTTTTAAAGAATAAGTTTTAAACTTCACAGCTTATATTGTTGCTTAATATAAGTGTTTAAATGCTTTCCGTCTTAAGACAGATATTAAAGAAGTCTTATTATAAAAACTTTAACAAGGAAGTGATGCGTTTTAGAATCAACTAAAAAAAGGTAAAAA	1.14e-47	194.0	71.182	1/1	97	1.0	0.892361659012726	1.0	0.9623265806544541
gi|57236892|ref|NC_003912.1|orphan_0|Start:37025|Strand:+	1	371	TCATTTCCTTTTTTTGAAAAAAGGACTTAAAATCTTTTAAATTATA----AAGTTTCACTA--GCTTAGT--AGATTTTATAAATTAACTCTTT-TGGTTTTTG-----TCTTATAAACTA---AAAGCTTT-----TTTATAAATCTTGTTTTTTAATTTAAAAACTTTTCTTT----TAA-AAATGATTTTTTGTTTT-GTTCTTTTAACTTAGTATTGTTATT-CAAATCTTATTAGTCAATCTTTGAAATCTAAATAAGTGATCGATTGAGCCAG-AAAGATTTAGGCATAAGTAATTATGTAAAATCTATTCAATCTAATAATTAAAAAGATTAAAAGTTTTTC-TTTTAATCTTTCATAACTTTTTCTTTGAAGAAAAAGATTAAACTATCTATAA	gi|1865514412|gb|CP058336.1|	36715	37107	TCATTTCCTTTTTCAGAAAA--GGACTTAAGATCTTT-AAATTATAGTCTAAAGTTAACTAAAGTTAAATTAAGATTTTATAAACCCTATGTTTCTAGTTTTAAATTAATCTTTAATCCTAGCTAAAGCAATCTAAGTTTATAAAACTTTATTATTACT----AAACTTTATTTACATATAATAAATGATTTTTTGTTTTTGTTCTTTAAAATTAATATTGTTATTTCAAATCTTATTAGTCAATCTTTGAAATCTAAATAAGTGATCGATTGAGCCAGAAAAGATTTAGGCATAAGTAATTATGTAAAATCTATTCAATCTAAATATT-TAAAGATTAAAAACTTTTCTTTTTAATC-TTCATTACTTTTTCTTTGAAGAAAAAGATTAAACTATCTATAA	4.93e-84	315.0	79.851	1/1	100	1.0	0.8320644973497082	1.0	0.9412225740723978
gi|57236892|ref|NC_003912.1|orphan_15|Start:774799|Strand:+	1	371	TCATTTCCTTTTTTTGAAAAAAGGACTTAAAATCTTTTAAATTATA----AAGTTTCACTA--GCTTAGT--AGATTTTATAAATTAACTCTTT-TGGTTTTTG-----TCTTATAAACTA---AAAGCTTT-----TTTATAAATCTTGTTTTTTAATTTAAAAACTTTTCTTT----TAA-AAATGATTTTTTGTTTT-GTTCTTTTAACTTAGTATTGTTATT-CAAATCTTATTAGTCAATCTTTGAAATCTAAATAAGTGATCGATTGAGCCAG-AAAGATTTAGGCATAAGTAATTATGTAAAATCTATTCAATCTAATAATTAAAAAGATTAAAAGTTTTTC-TTTTAATCTTTCATAACTTTTTCTTTGAAGAAAAAGATTAAACTATCTATAA	gi|1865514412|gb|CP058336.1|	395041	395433	TCATTTCCTTTTTCAGAAAA--GGACTTAAGATCTTT-AAATTATAGTCTAAAGTTAACTAAAGTTAAATTAAGATTTTATAAACCCTATGTTTCTAGTTTTAAATTAATCTTTAATCCTAGCTAAAGCAATCTAAGTTTATAAAACTTTATTATTACT----AAACTTTATTTACATATAATAAATGATTTTTTGTTTTTGTTCTTTAAAATTAATATTGTTATTTCAAATCTTATTAGTCAATCTTTGAAATCTAAATAAGTGATCGATTGAGCCAGAAAAGATTTAGGCATAAGTAATTATGTAAAATCTATTCAATCTAAATATT-TAAAGATTAAAAACTTTTCTTTTTAATC-TTCATTACTTTTTCTTTGAAGAAAAAGATTAAACTATCTATAA	4.93e-84	315.0	79.851	1/1	100	1.0	0.8320644973497082	1.0	0.9412225740723978
gi|57236892|ref|NC_003912.1|orphan_4|Start:431840|Strand:+	1	371	TCATTTCCTTTTTTTGAAAAAAGGACTTAAAATCTTTTAAATTATA----AAGTTTCACTA--GCTTAGT--AGATTTTATAAATTAACTCTTT-TGGTTTTTG-----TCTTATAAACTA---AAAGCTTT-----TTTATAAATCTTGTTTTTTAATTTAAAAACTTTTCTTT----TAA-AAATGATTTTTTGTTTT-GTTCTTTTAACTTAGTATTGTTATT-CAAATCTTATTAGTCAATCTTTGAAATCTAAATAAGTGATCGATTGAGCCAG-AAAGATTTAGGCATAAGTAATTATGTAAAATCTATTCAATCTAATAATTAAAAAGATTAAAAGTTTTTC-TTTTAATCTTTCATAACTTTTTCTTTGAAGAAAAAGATTAAACTATCTATAA	gi|1098464851|gb|CP017875.1|	1203179	1202787	TCATTTCCTTTTTCAGAAAA--GGACTTAAGATCTTT-AAATTATAGTCTAAAGTTAACTAAAGTTAAATTAAGATTTTATAAACCCTATGTTTCTAGTTTTAAATTAATCTTTAATCCTAGCTAAAGCAATCTAAGTTTATAAAACTTTATTATTACT----AAACTTTATTTACATATAATAAATGATTTTTTGTTTTTGTTCTTTAAAATTAATATTGTTATTTCAAATCTTATTAGTCAATCTTTGAAATCTAAATAAGTGATCGATTGAGCCAGAAAAGATTTAGGCATAAGTAATTATGTAAAATCTATTCAATCTAAATATT-TAAAGATTAAAAACTTTTCTTTTTAATC-TTCATTACTTTTTCTTTGAAGAAAAAGATTAAACTATCTATAA	4.93e-84	315.0	79.851	1/-1	100	1.0	0.8320644973497082	1.0	0.9412225740723978
gi|57236892|ref|NC_003912.1|orphan_22|Start:1045148|Strand:+	1	311	ATAAATATATATAAAATTATAGAAAAAAAGAACTTTTA-TGCAAAATTTAATTAAACTAAGTTTATTAAGTATAGTTACTGCTTGTGTTTTTTCTGCTTGCTCTTCAGAGCCAAAAA-AGTATGTAATACTATGAAGATCCAAAAAATGCTATAGAGTTAGAATCTAAAATCAA---------------------------------------AGAATGTGCAAATGCTT------CAAGTTATTCTAAATCATTTAATTACAAACCACAAGTAAGTACAAAAGAACTTATGGAACAAG-TAGAG---AAAATATA-AATGAATGATCTTTTTCAAACCCTGGGTGAAAGCATAAAGCAAATC	gi|2252983829|dbj|AP025973.1|	18300	17943	ATAATTAT-TATAAA--TATACAAAAAAAGGATTAAAAATGAAAAATACAATCAAACTAGCTTTATTAGGTGTAGTTATTACTGGTGTTTTTTCTGCTTGCTCTTCAGAGCCAAAAACAG--TGCAATATTACGAAGATCCAAAAAATGCTACAGAATTAGAAGCTAAAATCAAAGAATGTGATAAAAATGCCAATTCTGCACAAACTGATACAGAATGTGCAAATGCTTATAAGGCAAACTATTCTAAGTCGTTTGATTACAAACCACAAGTAAGCACAAAAGAGCTTATGCAAAAAGCTAGAGAGCAAAATAAACAATGAATGATCTTTTTCAAACTCTAGGCGAAAGCATACAGCAAATC	1.66e-59	233.0	73.829	1/-1	68	1.0	0.9893443575860256	0.72	0.940270525155109
gi|57236892|ref|NC_003912.1|orphan_26|Start:1695716|Strand:+	1	354	ACTAAATATATTTTGGGTTTTGCAATCAAAAAATAAAAATTTGGAAGACTATGCTTCCAAATTTTTGCATCAAATTTTCTAAGGGAGTTAAATTTTCAAAAATTAATCTAATTTTTGACCTAGGATATTTCCTTGCATATCTGTATAAACTTCCATATTGTTATTAAACTTAAATTTATAACCATTAATTTCTTTGTCTACTTCAAGAATTTGAGCATTTGGTTGAGTTGCACTCACTTTTTTCATAACATTAGGTAAGATAGTATGTGGCAAAGCCTTATATTTTCCATCAACTTCTTTCCACTCTCCATTGATCATAAAATCAATTTCAGTTCCATCATTTAAAATCACATC	gi|2285424637|gb|CP101194.1|	1554542	1554895	ACTAAATATATTTTGGGTTTTGCNNNNNNAAARRAAAAATTTGGAAGACTATGCTTCCAAATTTTTGCATCAAATTTTCTAAGGGAGTTAAATTTTCAAAAATTAATCTAATTTTTGACCTAGGACATTTCCTTGCATATCCGTATAAACTTTCATGTTGTTATTAAACTTAAATTTATAACCATTAATTTCTTTATCTATTTCAAGAATTTGAGCATTTGGTTGAGTTGCACTTACTTTTTTCATAACACTAGGTAAAATAGTATGTGGTAAAGCCTTGTATTTTCCATCAACTTCTTTCCAATCTCCATTGATCATAAAATCAATTTCAGTTCCATCATTTAAAATTACATC	3.5900000000000002e-155	552.0	94.068	1/1	100	1.0	0.05839435089948033	1.0	0.6704380228148181
gi|57236892|ref|NC_003912.1|orphan_11|Start:696140|Strand:+	1	62	TAGAATGATTGCTTTATTTTTATCTAAATTGATTTCTTTTGTTATGGTGGATAAAATATGAA	gi|1885987966|gb|CP059709.1|	1470499	1470438	TAGAATGATTGCCTTATTTTTGTCTAAATTGATTTCTTTTGTTATAGTGGATAAAATATGAA	7.05e-20	99.6	95.161	1/-1	100	1.0	0.04177258533643714	1.0	0.6646204048677531
gi|57236892|ref|NC_003912.1|orphan_12|Start:696202|Strand:+	1	87	ATTGTTGTTGTGTAGATGATATTTTATTGGAAAGAGTAAAGTTTAAATCTTGTATGTTTGTTAATAATTTTTGCTTATCTTGTTTTA	gi|1131375990|gb|CP007189.1|	617172	617258	ATTGTTGTTGTGTAGATGATATTTTATTAAAAAGAGTAAAGTTTAAATCTTGTATGTTTGTTAATAATTTTTGCTTATCTTGTTTTA	7.5e-35	149.0	97.701	1/1	100	1.0	0.01784453785131197	1.0	0.6562455882479592
