SuperPos	SuperStrand	mapCount	detCount	Genome	detected	enriched	stepHeight	stepFactor	enrichmentFactor	classCount	Pos	Strand	Locus_tag	sRNA/asRNA	Product	UTRlength	GeneLength	Primary	Secondary	Internal	Antisense	Automated	Manual	Putative sRNA	Putative asRNA	Comment	Sequence -50 nt upstream + TSS (51nt)	contigPos	contigID
19164	-	4	4	NC_002163	1	1	250.21	3.67	2.73	1	17425	-	orphan		orphan	COD	22	648	0	0	0	1	0	Cj0012c	0	non-haem iron protein	ATAAAAATTATTAATTGACAAAAATATTTTTTTATAATACAATACTTTTTG	17425	ref|NC_002163.1
36134	+	4	4	NC_002163	1	1	13.67	38	3.93	2	34360	+	orphan		orphan	COD	22	1632	0	0	0	1	0	Cj0027	0	CTP synthetase	TTACTTAAAATTCTAATGAAATAAAAAGTTTTATCAAGCTATAATTAGATA	34360	ref|NC_002163.1
41763	-	1	1	NC_002163	1	1	234.32	5.4	4.76	2	38730	-	orphan		orphan	RNA	0	52	0	0	0	1	0	CjNC9	0	CjNC9	AATGGGGGCTATATTTTAATGATAATAAAAAATACAAGATATAATATACTA	38730	ref|NC_002163.1
44112	+	4	4	NC_002163	1	1	3051.18	7.34	19.47	2	40629	+	orphan		orphan	RNA	237	76	0	0	0	1	0	Cjp01	0	tRNA-Ala	GTAGATCAGCCATGCTACGGTGAATACGTTCCCGGGTCTTGTACTCACCGC	40629	ref|NC_002163.1
99010	+	4	4	NC_002163	1	1	8314.74	4.73	22.74	1	66641	+	orphan		orphan	RNA	0	108	0	0	0	1	0	SRP_RNA_Cjs03	0	SRP_RNA_Cjs03	GAATCTTAACAACTCAAGGCTTTTTAAGTATATTATGATATAATTTTTAAG	66641	ref|NC_002163.1
116845	-	4	4	NC_002163	1	1	90.55	10.8	4.39	1	83265	-	orphan		orphan	RNA	0	155	0	0	0	1	0	CjNC11	0	CjNC11	AAAAAATATTCAGAAAATTTCTAATTAACTATTTATGCGTTAAAATAATAA	83265	ref|NC_002163.1
128474	+	4	4	NC_002163	1	1	173.41	4.64	3.47	2	94249	+	orphan		orphan	RNA	0	96	0	0	0	1	0	CjNC1	0	CjNC1	AAAAGATAGCAAACTATAAAGCAAGATAAGATTTAAACCGATATAAGTATA	94249	ref|NC_002163.1
152940	+	4	4	NC_002163	1	1	1281.38	73.23	2.96	1	118705	+	orphan		orphan	COD	26	498	0	0	0	1	0	Cj0113	0	peptidoglycan associated lipoprotein	AAATTTCAATTTTAGGTTAAAATTAATTAAAAATTAGATATAATAATAAGA	118705	ref|NC_002163.1
208477	+	4	4	NC_002163	1	1	88.87	2.82	5.25	1	165700	+	orphan		orphan	RNA	28	75	0	0	0	1	0	Cjp03	0	tRNA-Glu	TTTTGATATATTTAATTAAATTTTAAGAAATAAATATATATAATTCAATTT	165700	ref|NC_002163.1
236601	-	4	4	NC_002163	1	1	447.21	2.78	9.54	1	193645	-	orphan		orphan	COD	22	729	0	0	0	1	0	Cj0197c	0	dihydrodipicolinate reductase	TAAAGCTTAATTTTATTATTTAAAATTTACAAAATAAATGCTAAAATCAAT	193645	ref|NC_002163.1
312191	-	4	4	NC_002163	1	1	92.77	1.95	10.85	2	231771	-	orphan		orphan	COD	24	156	0	0	0	1	0	Cj0251c	0	highly acidic protein	ATTATAAAAATTATAGCAAAACCAAACAAATTTAAGATAAAATAAGCTTTG	231771	ref|NC_002163.1
363240	-	4	4	NC_002163	1	1	234.32	58.64	4.76	1	267410	-	orphan		orphan	COD	36	753	0	0	0	1	0	Cj0289c	0	major antigenic peptide PEB3	TTTTGTTACATTATAACTATTTATTAACATACAATTTCTAAAATCTTACCT	267410	ref|NC_002163.1
398940	+	4	4	NC_002163	1	1	156.34	15.59	6.19	1	303066	+	orphan		orphan	COD	32	1089	0	0	0	1	0	Cj0335	0	flagellar biosynthesis protein FlhB	TCATTTTTATTCTTTAATTGAAATTCATAAATTTTCTACTATAATTTTACA	303066	ref|NC_002163.1
449219	+	4	4	NC_002163	1	1	48.42	>100	2.48	2	351421	+	orphan		orphan	COD	25	1383	0	0	0	1	0	Cj0386	0	GTP-binding protein EngA	TAATTCTAGTCTTTTTTTGCTTAATATTAAGCCAAATTTTATATAATTTTA	351421	ref|NC_002163.1
496582	+	4	4	NC_002163	1	1	3051.18	7.34	19.47	2	395510	+	orphan		orphan	RNA	237	76	0	0	0	1	0	Cjp04	0	tRNA-Ala	GTAGATCAGCCATGCTACGGTGAATACGTTCCCGGGTCTTGTACTCACCGC	395510	ref|NC_002163.1
511014	+	4	3	NC_002163	1	1	1445.85	4.27	5.95	2	409765	+	orphan		orphan	COD	28	234	0	0	0	1	0	Cj0441	0	acyl carrier protein	AGTATAATGAAAAACTATAAATATTTTAAGCTTTTTATAGTAAAATACGCT	409765	ref|NC_002163.1
519670	+	4	4	NC_002163	1	1	2401.25	90	7.84	2	418415	+	orphan		orphan	RNA	0	136	0	0	0	1	0	TPP	0	TPP	AAACTGCACGTATAAAGCAAAAATAAATATTTAAAGTGTATAATTAAAACA	418415	ref|NC_002163.1
535117	+	4	4	NC_002163	1	1	272.02	6.94	6.39	1	433857	+	orphan		orphan	RNA	10	76	0	0	0	1	0	Cjp06	0	tRNA-Thr	AAAAACTAAAAAAGTCTTGACAAAATTTTTTTTTTGAGTTATAATCTTACT	433857	ref|NC_002163.1
535253	+	4	4	NC_002163	1	1	64.31	8.91	3.07	1	433992	+	orphan		orphan	RNA	0	86	0	0	0	1	0	Cjp07	0	tRNA-Tyr	ATTTATTTTAGCAGTGTTTGACCAGAATATTGAAAAAGCAATATTTTTATG	433992	ref|NC_002163.1
535345	+	4	4	NC_002163	1	1	821.84	4.72	5.89	1	434084	+	orphan		orphan	RNA	0	77	0	0	0	1	0	Cjp08	0	tRNA-Gly	GCTGGCTTTCGCCTTCCGTGGTTCGAATCCACGACTCACCACCATGCTTTG	434084	ref|NC_002163.1
535526	+	4	4	NC_002163	1	1	249.83	6.13	2.2	1	434265	+	orphan		orphan	RNA	0	75	0	0	0	1	0	Cjt1	0	tRNA-Thr	TCCCATTTAAGAGTTTTTGTTGTCTGTTATTGTGTATAATTTTTCTGAGCG	434265	ref|NC_002163.1
537092	+	4	4	NC_002163	1	1	642.54	11.67	22.85	1	435831	+	orphan		orphan	RNA	0	76	0	0	0	1	0	Cjp09	0	tRNA-Trp	AACATACACTTCACAAAGAAGTTAAGCTAAAAAGTTAAGCTTGCGCCCTTA	435831	ref|NC_002163.1
570959	+	4	4	NC_002163	1	1	233.79	86.6	4.71	1	460270	+	orphan		orphan	RNA	0	77	0	0	0	1	0	Cjp10	0	tRNA-Arg	CATCAAAAAAAGAAACGGTTAAATTTTTAGCGGGATTTTTCCCGCTTTCTG	460270	ref|NC_002163.1
668404	+	4	4	NC_002163	1	1	1242.57	8.37	4.02	1	510149	+	orphan		orphan	COD	35	366	0	0	0	1	0	Cj0547	0	flagellar protein FlaG	TTTTCTTTATAAGTGTTCATAAATTTATAAATTTGTCGATATAAGCTTTTA	510149	ref|NC_002163.1
683347	+	4	4	NC_002163	1	1	567.33	67.74	3.32	1	525089	+	orphan		orphan	COD	28	1377	0	0	0	1	0	Cj0562	0	replicative DNA helicase	ATAAAAAAATTAAGTTTTATAATTTAAGTTTTTTTAGATAGAATTTTTAGA	525089	ref|NC_002163.1
695866	-	4	4	NC_002163	1	1	420.83	43.47	2.21	2	533172	-	orphan		orphan	RNA	0	76	0	0	0	1	0	Cjp12	0	tRNA-Met	TCCCTTTACCCCATCCACTTCTTATTTTATATTTCAAAGATCTTATATGCC	533172	ref|NC_002163.1
695975	-	4	3	NC_002163	1	1	270.17	3.2	2.03	2	533280	-	orphan		orphan	RNA	0	75	0	0	0	1	0	Cjp13	0	tRNA-Gln	TGACAAATAAATTAAAATTCATTATAATCACACTTTTAAAAAATATTTATT	533280	ref|NC_002163.1
735771	-	4	4	NC_002163	1	1	804.61	3.69	3.11	1	573073	-	orphan		orphan	COD	29	504	0	0	0	1	0	Cj0612c	0	ferritin	ACTATCAAAAAATTTAGCTTGTTTTTAAAAAAATAATATATCATTATAAAA	573073	ref|NC_002163.1
794168	+	4	1	NC_002163	1	1	14.24	5	2.61	2	623984	+	orphan		orphan	COD	154	1251	0	0	0	1	0	Cj0670	0	RNA polymerase factor sigma-54	TCAAACTTTAATTAAAGAGCTTAAAAGATTGGGGATTGGGGTTTTAATTAC	623984	ref|NC_002163.1
823319	-	4	4	NC_002163	1	1	8.13	1.92	8.2	2	641959	-	orphan		orphan	COD	159	699	0	0	0	1	0	Cj0687c	0	flagellar basal body L-ring protein	CACAGGGCAATAAATTGCGATATTTTTGTAAATTTTGCTATAATTTTTAAG	641959	ref|NC_002163.1
835216	+	4	4	NC_002163	1	1	1101.76	47.58	4.61	2	653831	+	orphan		orphan	COD	103	1113	0	0	0	1	0	Cj0696	0	cell division protein FtsZ	AAATCTGATTTTTTTGATGAAAATTTGCAAGAAAATGATACAATTGCAATA	653831	ref|NC_002163.1
853207	-	4	4	NC_002163	1	1	1584.08	6.42	6.79	1	671799	-	orphan		orphan	RNA	1	281	0	0	0	1	0	CjNC13	0	CjNC13	TAAATTTTACAAAAAGGCAAAAATTCAGCCAAAATAAACTATAATAAAATC	671799	ref|NC_002163.1
883258	+	3	3	NC_002163	1	1	3051.18	7.34	19.47	2	697804	+	orphan		orphan	RNA	237	76	0	0	0	1	0	Cjp14	0	tRNA-Ala	GTAGATCAGCCATGCTACGGTGAATACGTTCCCGGGTCTTGTACTCACCGC	697804	ref|NC_002163.1
902289	+	3	3	NC_002163	1	1	111.17	11.56	3.97	1	707802	+	orphan		orphan	COD	38	795	0	0	0	1	0	Cj0757	0	heat-inducible transcription repressor	TTTTATATTTATACTTGACAAAATAACACTCAATGTTGTATAATATATCTA	707802	ref|NC_002163.1
934336	+	4	3	NC_002163	1	1	280.89	2.56	6.01	1	730544	+	orphan		orphan	COD	25	738	0	0	0	1	0	Cj0778	0	major antigenic peptide PEB2	AGCAGGGCTTTGCAAGGGAGAGTTAACTATAGATTGATACAATTTCCTTTA	730544	ref|NC_002163.1
960302	+	4	4	NC_002163	1	1	8.5	>100	3.89	1	756388	+	orphan		orphan	COD	15	1059	0	0	0	1	0	Cj0804	0	dihydroorotate dehydrogenase 2	AAGCAAAGAAAAAACAAAGCCCAGCTTTAGTTAATTTTAGTTAGAATTTCA	756388	ref|NC_002163.1
980414	-	4	4	NC_002163	1	1	55.44	>100	2.8	2	776382	-	orphan		orphan	COD	22	1212	0	0	0	1	0	Cj0828c	0	threonine dehydratase	ATTAGATATAAATTTTATACAAAATCGTTGCATTATGCTAGAATATCCGCA	776382	ref|NC_002163.1
1014510	-	4	4	NC_002163	1	1	173.34	2.65	7.68	1	810377	-	orphan		orphan	COD	42	1065	0	0	0	1	0	Cj0863c	0	DNA recombinase	CTTTTTCCTAAAAAAGCTTTTTTTTACTAAGTTAATACTAAAATACCTTTT	810377	ref|NC_002163.1
1030993	+	4	4	NC_002163	1	1	128.62	39	6.27	1	826048	+	orphan		orphan	RNA	18	87	0	0	0	1	0	Cjp16	0	tRNA-Leu	TACTTTTTATTTTTAAAGTATTTTTTAGCCTAAAAAAGTATAATTTTAGCT	826048	ref|NC_002163.1
1031108	+	4	4	NC_002163	1	1	413.24	39.13	3.76	1	826163	+	orphan		orphan	RNA	0	75	0	0	0	1	0	Cjp17	0	tRNA-Gly	GGGCAACCTTGTGTCGGTTCGAGTCCGACCTCGGGCACCACTTATTTTTTG	826163	ref|NC_002163.1
1054706	-	4	4	NC_002163	1	1	31813.87	>100	9.75	1	849758	-	orphan		orphan	COD	26	297	0	0	0	1	0	Cj0913c	0	DNA-binding protein HU	AAAAGCTGTTTTTTACTTGATATTGTTTTTTAAATATGCTAAAATTAGGCG	849758	ref|NC_002163.1
1056636	-	4	4	NC_002163	1	1	28.09	3.53	6.03	2	851688	-	orphan		orphan	COD	22	1833	0	0	0	1	0	Cj0914c	0	CiaB protein	ATATCTCTCATTTTTACTCCTTATTTTAAAAAATGAATTATAATTAAAAAA	851688	ref|NC_002163.1
1089500	-	4	4	NC_002163	1	1	9865.13	>100	10.5	2	878171	-	orphan		orphan	RNA	0	77	0	0	0	1	0	Cjt02	0	tRNA-Asp	TTTATAAAATCATAAATAGGTTTTATAATCTCTACTTCTTTACTTTGGATG	878171	ref|NC_002163.1
1089675	-	1	1	NC_002163	1	1	5995.01	2.34	3.29	1	878346	-	orphan		orphan	RNA	48	76	0	0	0	1	0	Cjp19	0	tRNA-Val	TTATTGTTAGGGTTATGACCCTTTCGTCTAGTGGCCCAGGACAACACTCTC	878346	ref|NC_002163.1
1089804	-	1	1	NC_002163	1	1	198.84	2.8	4.85	2	878475	-	orphan		orphan	RNA	0	76	0	0	0	1	0	Cjp20	0	tRNA-Lys	CCTGTCACGGCGGAGGTCGCGGGTTCGAGCCCCGTCCGCTGCGCCATATTG	878475	ref|NC_002163.1
1089885	-	1	1	NC_002163	1	1	10220	>100	10.58	2	878556	-	orphan		orphan	RNA	0	77	0	0	0	1	0	Cjt2	0	tRNA-Asp	TTTATAAAATCATAAATAGGTTTTATAATCTTTACTTCTTTACTTTGGATG	878556	ref|NC_002163.1
1090012	-	4	4	NC_002163	1	1	21.37	3.06	6.72	1	878683	-	orphan		orphan	RNA	0	76	0	0	0	1	0	Cjt03	0	tRNA-Val	TTTAAGGAGGGGGCCGTTGGTTCGAATCCAACACGGGACACCATTATAAAG	878683	ref|NC_002163.1
1090114	-	4	4	NC_002163	1	1	149.69	3.11	5.75	1	878784	-	orphan		orphan	RNA	18	76	0	0	0	1	0	Cjt04	0	tRNA-Lys	AAAATGATTTAAAAAAGCTTGACAAATAGAGCTAATTTTGGCATAATCACA	878784	ref|NC_002163.1
1143578	+	4	4	NC_002163	1	1	365.9	60.67	3.48	2	927184	+	orphan		orphan	COD	26	561	0	0	0	1	0	Cj0996	0	GTP cyclohydrolase II	TTCTAAATCTTTTAAACATTTTTTTGTCCTTTTTTTGCTAAAATCTTAACA	927184	ref|NC_002163.1
1159930	+	4	4	NC_002163	1	1	259.82	7.33	3.26	2	943535	+	orphan		orphan	RNA	0	77	0	0	0	1	0	Cjp21	0	tRNA-Arg	AAAATTTTGCTTATTTTAAGAATATTTATATATAATTTTAACTTATTTTTG	943535	ref|NC_002163.1
1231683	-	4	4	NC_002163	1	1	163.19	1.87	5.31	2	963381	-	orphan		orphan	COD	29	1797	0	0	0	1	0	Cj1030c	0	GTP-binding protein LepA	TATAAAATAAAATTTATTTGTTTTAAACATAAATTTTGTTAAAATCCTAGC	963381	ref|NC_002163.1
1238350	-	4	4	NC_002163	1	1	520.39	65	2.48	2	969400	-	orphan		orphan	COD	60	807	0	0	0	1	0	Cj1034c	0	adenylosuccinate lyase	ATTTTGTAAAAAAGTGTCAATCTTTATCTTATAAAGCCGATTATACACCTA	969400	ref|NC_002163.1
1255515	-	4	3	NC_002163	1	1	41.02	56.5	4.94	2	981697	-	orphan		orphan	COD	46	1098	0	0	0	1	0	Cj1048c	0	succinyl-diaminopimelate desuccinylase	AGTGCAAAAGTTGTTTTTATAATCAATATAATTTCAGCTATAATTATAGAG	981697	ref|NC_002163.1
1274835	-	4	4	NC_002163	1	1	1665.39	26.6	4.69	2	999554	-	orphan		orphan	COD	24	2754	0	0	0	1	0	Cj1061c	0	isoleucyl-tRNA synthetase	TATAGCCAAAAACAAAGTAGAAATTAAAGCTAATTTGAGTAGAATTTAAGA	999554	ref|NC_002163.1
1280377	+	4	4	NC_002163	1	1	2478.12	27.82	6.7	1	1005092	+	orphan		orphan	COD	60	378	0	0	0	1	0	Cj1070	0	30S ribosomal protein S6	AAAACCTTAAGTATTCAAGACTAATTAAGTATATTTTGATATAATCTAGTC	1005092	ref|NC_002163.1
1306123	-	4	4	NC_002163	1	1	1080.32	45.29	8.03	1	1030836	-	orphan		orphan	COD	24	1197	0	0	0	1	0	Cj1096c	0	S-adenosylmethionine synthetase	AATTTTTAATTTATCAAGCTTTGATAAGTTTATTTGGATACAATTGTGGTT	1030836	ref|NC_002163.1
1314404	+	4	4	NC_002163	1	1	395.1	2.26	5.64	2	1039038	+	orphan		orphan	COD	60	453	0	0	0	1	0	Cj1105	0	SsrA-binding protein	TTAAATGATTTATTTACTCCTTGTGCAACTTTATATCCTAAAATGAAGTCT	1039038	ref|NC_002163.1
1326473	-	4	4	NC_002163	1	1	705.55	3.42	9.7	1	1051105	-	orphan		orphan	COD	81	393	0	0	0	1	0	Cj1118c	0	chemotaxis regulatory protein	TAAAAATAATAATATTTGAGTAAAAATTTAAGTAAAAGATGATATAATGCT	1051105	ref|NC_002163.1
1336641	-	4	4	NC_002163	1	1	43.24	8.8	2.83	2	1061262	-	orphan		orphan	COD	41	1098	0	0	0	1	0	Cj1127c	0	GalNAc transferase	TAAAAATCAACGCTCCTGCTTTGATATTACTCATTTTAAGTATAATTCCAA	1061262	ref|NC_002163.1
1361743	-	1	1	NC_002163	1	1	169.64	2.55	4.35	2	1074566	+	orphan		orphan	COD	19	885	0	0	0	1	0	Cj1140	0	alpha-2%2C3 sialyltransferase	GGAAATTTGACTCATTTTAGCTCTTTATTTTTTTTTGATATAATTATACTA	1074566	ref|NC_002163.1
1409838	-	4	4	NC_002163	1	1	1445.85	32.3	4.46	1	1106283	-	orphan		orphan	COD	23	1629	0	0	0	1	0	Cj1178c	0	highly acidic protein	CTCTTTTTTTCTTCTAAGGAAAGGATAAATGAAATTATCGTAAAATAGCGA	1106283	ref|NC_002163.1
1419030	-	4	4	NC_002163	1	1	32.89	18.8	3.56	2	1115470	-	orphan		orphan	COD	228	1287	0	0	0	1	0	Cj1187c	0	arsenical pump membrane protein	ATCATTACTCCTTAAGAGAGATTTTAAATGAGGCAAAGTATTATCATTACA	1115470	ref|NC_002163.1
1431554	+	4	4	NC_002163	1	1	44.72	31.25	3.41	2	1127994	+	orphan		orphan	RNA	0	137	0	0	0	1	0	CjNC15	0	CjNC15	TTTTTTAAATGATTAAGCTTTAATTAATATATTTTTATATATGATTTTGAA	1127994	ref|NC_002163.1
1457858	-	4	4	NC_002163	1	1	1574.93	1.92	3.73	1	1154174	-	orphan		orphan	RNA	0	75	0	0	0	1	0	Cjp22	0	tRNA-Asn	CTTGACAAAGTTTTTTAATTTCACTATAATCATATTTTACTTTTAAATATT	1154174	ref|NC_002163.1
1461415	-	4	4	NC_002163	1	1	596.52	9.54	7.07	1	1157731	-	orphan		orphan	COD	52	1419	0	0	0	1	0	Cj1228c	0	serine protease	CTCAAGGTTTTATTTACAATTTTGTAAATTTTCGGTTTTATACTATGAAGA	1157731	ref|NC_002163.1
1483366	+	4	4	NC_002163	1	1	5803.85	>100	9.02	1	1179587	+	orphan		orphan	RNA	0	186	0	0	0	1	0	6S_RNA	0	6S_RNA	AACTGATTTAAGACATAGAAATTTAAGCTAAATTAAGTTATAATTTCCTTG	1179587	ref|NC_002163.1
1492730	+	4	4	NC_002163	1	1	1253.29	1.85	4.69	1	1188925	+	orphan		orphan	RNA	0	73	0	0	0	1	0	CjNC3	0	CjNC3	AACAACTATATATTACTTCTCGTTTACTTTTTAGGCTTATACTTCTAAACG	1188925	ref|NC_002163.1
1495610	-	4	3	NC_002163	1	1	35.11	2.25	8.45	2	1191691	-	orphan		orphan	COD	60	1122	0	0	0	1	0	Cj1260c	0	chaperone protein DnaJ	AATTTTATTTAAAATTTGATAAATTATTGATTTTATTTTTGCTAAAATTAT	1191691	ref|NC_002163.1
1511666	-	4	4	NC_002163	1	1	97.94	2.62	4.61	1	1207747	-	orphan		orphan	COD	18	720	0	0	0	1	0	Cj1274c	0	uridylate kinase	TCATTAGCTTAAATTAGCTAAATTTAATGGAATTTAAAATATAATTTCAAG	1207747	ref|NC_002163.1
1518957	+	4	4	NC_002163	1	1	1206.43	4.08	10.42	1	1215038	+	orphan		orphan	RNA	19	77	0	0	0	1	0	Cjp23	0	tRNA-Met	TATAAAGGCTAAATAAAATATTTTTAAGCATTAATAAGATATAATTTTATC	1215038	ref|NC_002163.1
1555490	-	4	4	NC_002163	1	1	181.46	3.4	7.62	1	1215340	-	orphan		orphan	RNA	24	76	0	0	0	1	0	Cjp24	0	tRNA-Phe	AATTTTATTTTTGTATTTAAACTTAAATTAAAGAAAAAAAGATACAATTAC	1215340	ref|NC_002163.1
1599927	+	4	4	NC_002163	1	1	815.14	39.56	8.38	1	1245612	+	orphan		orphan	COD	38	1032	0	0	0	1	0	Cj1317	0	Pse synthetase	TTTATATAATATAAATATATAAATTGAAGAAATATATAATATAATTATATA	1245612	ref|NC_002163.1
1627133	+	1	1	NC_002163	1	1	46.82	5.83	3.86	2	1265261	+	orphan		orphan	COD	190	1887	0	0	0	1	0	Cj1337	0	PseE protein	TTTACAACCTCTGCGTACTCAATTTGAACTTAATCTTGCTAGAATTTATGT	1265261	ref|NC_002163.1
1639396	-	2	2	NC_002163	1	1	21146.66	>100	4.6	1	1270994	-	orphan		orphan	COD	44	1719	0	0	0	1	0	Cj1339c	0	flagellin	TTTTATTGCTAAAGTATAAAATATTTTTTTGATTGCACGATATAGCATTTA	1270994	ref|NC_002163.1
1660940	-	4	4	NC_002163	1	1	1827.3	2.5	5.77	1	1287826	-	orphan		orphan	RNA	0	90	0	0	0	1	0	Cjp25	0	tRNA-Ser	TTTAAGCTAGGTATTATTTATTTTTTTGTATAATCATACTTTACTTTATTG	1287826	ref|NC_002163.1
1706009	-	4	4	NC_002163	1	1	759.51	3.89	7.05	1	1325165	-	orphan		orphan	COD	31	657	0	0	0	1	0	Cj1387c	0	helix-turn-helix containing protein	AAAATTTTATTTTTAAGAAATGTTTTAAAGTATAAAGAGTAGAATTTAATA	1325165	ref|NC_002163.1
1722075	+	4	4	NC_002163	1	1	809.41	>100	3.25	2	1341222	+	orphan		orphan	COD	28	537	0	0	0	1	0	Cj1408	0	flagellar basal body-associated protein FliL	TTTTTCTAAAGCAAATTTGGATAGAAAAGAAATTTTTGCTACAATTTTACA	1341222	ref|NC_002163.1
1800429	-	1	1	NC_002163	1	1	930.08	2.24	8.4	1	1378466	-	orphan		orphan	COD	21	1107	0	0	0	1	0	Cj1439c	0	UDP-galactopyranose mutase	TAAAAAATATATAAGATATTTATTTTTCAGGTAATTTTTTTTATAATTAGG	1378466	ref|NC_002163.1
1846737	-	4	4	NC_002163	1	1	45.46	5.24	3.6	1	1413219	-	orphan		orphan	COD	40	3561	0	0	0	1	0	Cj1476c	0	pyruvate-flavodoxin oxidoreductase	TCAAGTTTTCGTTAAACGCCTTTTAAGAGAATTTATAGTAAATTGATAGTT	1413219	ref|NC_002163.1
1865986	-	4	4	NC_002163	1	1	518.37	5.08	16.19	1	1432467	-	orphan		orphan	RNA	0	98	0	0	0	1	0	Cjp26	0	tRNA-Sec	TTGATAAATTTATTTTGTTTTTCATTAAAAATCGCTATAATTATCACTTTG	1432467	ref|NC_002163.1
1900730	-	4	4	NC_002163	1	1	1059.99	6.9	10.65	2	1462517	-	orphan		orphan	COD	24	990	0	0	0	1	0	Cj1529c	0	phosphoribosylaminoimidazole synthetase	AAAGCATTTTTCATCTTATGCCTTATTAAAACTTTTTTCGTTAAAATACCT	1462517	ref|NC_002163.1
1953123	-	4	4	NC_002163	1	1	525.56	23.57	8.53	1	1496400	-	orphan		orphan	COD	0	2367	0	0	0	1	0	Cj1565c	0	paralysed flagellum protein	GCACTTTTGTTATATTGTTAATGTTATAAGAGTTTTGCTATAATTATTTTA	1496400	ref|NC_002163.1
1986868	+	4	4	NC_002163	1	1	838.98	>100	7.8	1	1525411	+	orphan		orphan	COD	29	900	0	0	0	1	0	Cj1597	0	ATP phosphoribosyltransferase	TTATTTTCTAAAACCCTTGCTAAAAATTCAACTACTTATGCTAATATAAGT	1525411	ref|NC_002163.1
2011157	+	4	4	NC_002163	1	1	436.77	3.31	3.59	1	1549657	+	orphan		orphan	RNA	0	75	0	0	0	1	0	Cjp27	0	tRNA-Gly	TTTAAGTTTATTTTGCTATACTTTTATCTTCAATTCTTTCAGAAATTTATG	1549657	ref|NC_002163.1
2011241	+	4	3	NC_002163	1	1	71.53	3.26	3.1	1	1549741	+	orphan		orphan	RNA	0	89	0	0	0	1	0	Cjp28	0	tRNA-Leu	CAAGGTTGGGGTCGCGAGTTCGAATCTCGTTTCCCGCTCCATAATCACCCG	1549741	ref|NC_002163.1
2011443	+	4	4	NC_002163	1	1	74.94	5.94	2.66	1	1549943	+	orphan		orphan	RNA	0	88	0	0	0	1	0	Cjp30	0	tRNA-Ser	CTCCGGTTCGAATCCGGATGTCGCCTCCAAAAGGCAAAACTTTACTTTATC	1549943	ref|NC_002163.1
2011496	+	4	1	NC_002163	1	1	198.49	2.17	8.04	2	1549996	+	orphan		orphan	COD	239	1011	0	0	0	1	0	Cj1622	0	riboflavin-specific deaminase%2Freductase	GAGATGGCTGAGTGGTCGAAAGCGGCGGTCTTGAAAACCGTTGAGGGTCAC	1549996	ref|NC_002163.1
2021436	+	4	4	NC_002163	1	1	668.55	>100	11.29	2	1559676	+	orphan		orphan	RNA	0	47	0	0	0	1	0	CjNC4	0	CjNC4	TTTATTAGTTAAAGTATAAAGTATTTAGCAAAACAAGCGATATAGTATTTG	1559676	ref|NC_002163.1
2024705	+	4	4	NC_002163	1	1	52.85	>100	6.58	2	1562943	+	orphan		orphan	COD	12	1818	0	0	0	1	0	Cj1638	0	DNA primase	CTCTAAAAATTTTATGCCAAATTATAGCCAAATCTTTGTATAATTTTAACA	1562943	ref|NC_002163.1
2036798	+	4	4	NC_002163	1	1	914.74	5.37	19.43	2	1575014	+	orphan		orphan	RNA	0	99	0	0	0	1	0	CjNC16	0	CjNC16	TAAATAAGAATAGTAATCGTTTGTTCTCTTTAAGCAAATATAATATATTTT	1575014	ref|NC_002163.1
2037043	-	4	4	NC_002163	1	1	160.4	19.61	4.31	1	1575257	-	orphan		orphan	RNA	0	216	0	0	0	1	0	CjNC8	0	CjNC8	AAAATCCTAAAAATTTAAAATTTTTTAATAATATTGTAGTAATATTCTTTA	1575257	ref|NC_002163.1
2052329	-	4	4	NC_002163	1	1	727.39	31.49	6.03	1	1590436	-	orphan		orphan	RNA	0	77	0	0	0	1	0	Cjt3	0	tRNA-Arg	TGTAGGTTATGGGTTCGATTCCTATCGGGCGCACCACCAAGATTTTATATG	1590436	ref|NC_002163.1
2052462	-	4	4	NC_002163	1	1	515.58	5.8	20.67	2	1590568	-	orphan		orphan	RNA	41	77	0	0	0	1	0	Cjt4	0	tRNA-Arg	TATACAAAATGGTGAGTGTAGCTCAGTCGGTTAGAGCATCAGATTGTGGTC	1590568	ref|NC_002163.1
2052502	-	4	4	NC_002163	1	1	26.98	2.33	2.23	1	1590608	-	orphan		orphan	RNA	1	77	0	0	0	1	0	Cjp32	0	tRNA-His	AAGGTTCGAATCCTTTCACCCCGACCATTTTTTATAAATTTATACAAAATG	1590608	ref|NC_002163.1
2052619	-	4	4	NC_002163	1	1	563.26	5.16	8.05	1	1590725	-	orphan		orphan	RNA	16	78	0	0	0	1	0	Cjp33	0	tRNA-Pro	AGAATAAGAGATGAAAATCCTTGACTTTAAAATTATTTTGTGATAAAATAT	1590725	ref|NC_002163.1
2062451	-	1	1	NC_002163	1	1	3.7	4.33	2.46	2	1600491	-	orphan		orphan	RNA	1	97	0	0	0	1	0	CjNC21	0	CjNC21	TTATCTTATAAGTTGCATAAAAAGATAATTATATTTTTATAAAATTAAATA	1600491	ref|NC_002163.1
2098551	-	4	4	NC_002163	1	1	20.75	9.38	7.38	1	1626369	-	orphan		orphan	RNA	14	77	0	0	0	1	0	Cjp34	0	tRNA-Met	ATTATTTTTTTTAAAAATCAGAAAATTTTTAGTAAAAAGTAGTATAATTAT	1626369	ref|NC_002163.1
2098673	+	4	4	NC_002163	1	1	383.05	8.19	3.02	1	1626491	+	orphan		orphan	RNA	0	88	0	0	0	1	0	Cjt06	0	tRNA-Ser	ATTTCTTTATTTTTAAAGCTTTTATAGATATAATGAACGCTTTATTTCATA	1626491	ref|NC_002163.1
2100008	+	1	1	NC_002163	1	1	545.93	9.9	11.13	1	1626618	+	orphan		orphan	RNA	7	76	0	0	0	1	0	Cjp35	0	tRNA-Ala	CCTGTCTGCCATCAAATAAACTTTAAGGCAAACTAAGTTATAATACAAACT	1626618	ref|NC_002163.1
2111639	-	4	3	NC_002163	1	1	732.03	>100	2.99	2	1638039	-	orphan		orphan	RNA	0	98	0	0	0	1	0	CjNC23	0	CjNC23	TCTATAAAATATTGTTTTTTGCTCCCTTTAAGGGAGCAAGCCTTGCTTTAC	1638039	ref|NC_002163.1
