gi|57236892|ref|NC_003912.1|orphan_27|Start:1722026|Strand:-	1	706	ATATTTAAATATATTTTATTTTTGTGATTTAATATGGGTTGTTTTTAAGTATCGCAAGGCTTTCTTCTAAGCTATGGACTTTGGGATATTGTTTTTGTGTTTTTTAATTTTTCCTTTTTTCGATGTTTTAAAAGCTTAATAAAAATCAAAAAATCATTTATTGCGTATTCTTTAAGGAGGTATAGCTATAGTATATTTTAGACTAAGCAG--ATATCCAAAAGTTTATCTTTTTTATTGATATCTATGTTTGTAGAATCGCTATTGTCTTTATT---TGCTTCTTTCTCAGCTTTAGCTTCTACTTTTTC-TTTTTTTCTTGAAATTTTAAAGAAAAGTTTATAGTTTGCCTATTTACTTCACTTTTGCCAAAATTTGTGGTATCTATAACGCCACAAGGTGTCATCAGTATCATTTCATTGACCTCTTAGTTTACAATGTTTACTAAACTTAAGATATTTTTTTATTTTTTTCTTTAAGTTGTAATTTTTAGATTATATTATAAATCGTATAAATAAGATAAAACTTAAATTTATTGAAATAAATTTTTATCCATTTAATTCGCTTTTAAAAGCATCAA----------TCATTTATATTTTGCTTATTGTTTTATAGTGTAAAAATTTTTAAAATAGGATTTTATCTTAAAAAATTTATGATTTTTAATTTCAGATATTGGTTCCCTTGAAAAATTTTAAAAAG-TTTGGTAAAAAATATT	gi|972406776|gb|CP010498.1|	1526516	1525840	ATTTTTAAATATATCTTATTTT-GTGATTTAATATGAGTTGTTTTTAAGTATCGCAAGGTTTTCTTCTAAGTTATGCACTTTGGGATATTGTTTTTGT-ATTTTTAATTTTTCCTTTTTT-GGTATTTTAAAAGCTTAATCAAAATCAAAAAATCATTTATT--GTATTCTTCAAGGAG--ATGGTTATAGCATATTTTAGATTAAGTAGATATATCCAAAAGTTTATCTTTTTTGTTGGTATCTGTGTTTGTAGAATCGCTATTGTCTTTATTTACTTCTTCTTTCTCAGCTTTAGCTTCTACTTTTTCTTTTTTTTCTTGAAATTTTAAAG------TTGAAGTTATATCAATTCTTTTACTTT---CAAAATTTGTATCTACTATTCCCCTACAAGGTGTATTAAGTAACATT--AGCAAACTCCTA---TATAAT-TGCAAT-AGCTT----------------------TTTAAGTTGTAATTTTT-GATTATATTATAAATCGTATAAATAAGATAAAACTTAAATTTATTGAAGTAAAATTTTATCTATTTCATTTGCTTCTAAAAGTATTAACCATTTATATCCATTTATATTTTGCTTATTGTTTCATAGTGTAAAAATTTTTAAAATAGGATTTTATCTTAAAAAATTTATGATTTTTAATTTCAGATATTGGTTTCCTTGAAAAATTTTAAAAAGTTTTAGTAAAAAATATT	0.0	699.0	82.158	1/-1	100	1.0	0.6701264981226943	1.0	0.884544274342943
gi|57236892|ref|NC_003912.1|orphan_14|Start:773831|Strand:-	9	475	TTTGATTTTCATCACTATCTTGAAGATAAAAATTTAAGTTATCCCCTTATCTTGCTATATTGTTTAAACTTTGACTCATTCCTGCTCTAAAACGACCTGTTTCTTTAGCCCCATAGTTGTTAGAATATAAAGTTAAAGTTGCACTATCTCACCTTTGTTTACTTCTATAATAACATCGCTTTCTCCACAACCATCACCTGATTGTAAATTAGCAT--TGGTTTGGATTCCGTATATTTCATTGATTTTATAAATTTCATTTTCCACATTTTTAGTTGTGATAACTTTCCCTTTAAGATTTTTGTTCAATTTACTCTCTAAAGCATAATCTCTGACACCTGAGTTGTTTTTAATAATTACTTTTCCTAAAAGTTCCAAAAACTATGTTAATTTGCACTTTGTTAGAACTTAAATCTTGCGGTGGTATATAAGCAGTTGCCGAAGGATGGCCACTTAATTGACAATAATAA	gi|2076400606|gb|CP059373.1|	671767	671305	TTTGATTTTCATCGGTGTTTTGTATATAGAAGTTGAGTGTATCTCCTTGTCTTGCAAGATTATTGATAGTTTGACTCATGCCTCCTTTATGGCGTCCTGTTTCTTTGGTACCATAGTTATCACCATAGATAAGCAAGGTGGCAC--TTTTATCTTTAGCAACTTCAATCACTACATCGCTTTCGCCATAGTTATCTCCTGCTTGGATATT-GCCTCCTACTTT-AACCCCATTCATTTCGCTTACTCTATAAGCAGAATCTTCTATTTTTCTAACGGTGAGAATTTTTCCTTTGAGTTTTTGATTAAGTTTGCTTTCTATAGCATAATCCCTTGCACCAGAGCTATTTTTAATGATAAATTTGCC-CAATCTGCCTAAGGTTATATTGATTTGAACATTGGCATTGCTTAGATCTTGTGG-GGGATGTAGGCTGTAGCAGCAGGATAGCCATGGGTTTGAAAATAATAA	7.100000000000001e-33	146.0	67.804	1/-1	95	1.0	0.6672769345552718	1.0	0.8835469270943452
gi|57236892|ref|NC_003912.1|orphan_20|Start:893550|Strand:-	12	344	AAATAAGGAGGGAAATTGATGAATAAATTTTCTATAGTTTTAACTTTGTTGTTATGTGGAAGTTGTGCTTTAACCTTAGATCCAAATTTGGAAAAAACTAAGAGTGCAACAGGTATTGATCTGCCTACTGCCAAATGGAATTTACCTAAGGAATTAAATGAAGATGGCACTATAGATGAAACTAAAATGCCAAAAAATTCAGAATATAGCAAAATGGTTATTTTGGGAAATAAAATTCTTAATGAAACAAGCAAATATGTGGGTCCACAAGCCAAAGAT-CCTAAAAAAGATTTGCGGGAAATAATCTTTCTTGTTCAAGCTGTCATGCTAATG	gi|1940031893|gb|CP065357.1|	502605	502936	AAAAAAGGAGAGGA--TAATGAATAAATTTTCTATGGCTTTAGCTTTATTCTTATTTGGAACTTGCGCTTTTGCTCTAGATGAAAATTTAGAAAAAACTAAAGGTGCAACAGGCATTGATTTGCCTACTGCTCAATGGGCTTTACCCAAAGCCATAAATAAAGATGGCACTATTGATGAAAATCAATTACCCAAAAATTCACAATATTCTAAAATGGTTATTTTAGGAAATAAAATCATCAATGAAACAAGTAAATATGTAGGTCCTCAAGCTAAAGATCCCAAAAAAAGATTTACAGGAAATAATTTTTCTTGTTCAAGTTGCCATGCTAATG	2.57e-87	326.0	82.036	1/1	95	0.9333333333333333	0.6792540114420507	1.0	0.8577389040047179
gi|57236892|ref|NC_003912.1|orphan_19|Start:789659|Strand:-	2	860	TCTGATTT-AAATTAGAACTTCAAAAAGAATTGGTTAAAAAA-TCAATGAAAAATTAGGTAGCAAGCTAATAAAAAAATTATATTTTACAGATTTTGTCATTTCTTTAAAATTTTA-AAAAATTTTCAAGCCTTTTAAAAAGGCTTGAATAGAGATTTTA-AGA---TTACTCAACTTCAGCGTCGATTACATCGTCATCTTTTTTCTTTTTATCATTTGCTGTGTTTGGCTCATCTTTTTTATACATATTTTCAGCTAGTTTGTGAGAAACTTCACTTAAAGCTTTCATTTTGCTTTCAATCTCTTCTTTGCTTGCATTTTGATTTTTCAAAGTCTCACGCAAATCATCAAGAGCTTTTTGAATATTTTCTTTATCAGCAGCGGCAACTTTTTCACCCAACTCACTTAAAGATTTTTCTACTTGATGCGCCAAGCTATCAGCTGCATTTCTAGCATCTACAGCTTCTTTGCGTTTTTTGTCTTCTTCTTTGTGAAGTTCAGCATCTTTTACCATGTTATTAATCTCTTCCTCGCTAAGTCCGCTTGAACCTGTGATTTTGATCTCTTGAGCCTTACCTGTTGCTTTATCTTTTGCACTAACAGTTAAAATACCATTTGCATCGATATCAAAAGTAACTTCGATTTGTGGCATACCGCGTGGTGCTGGTGGAATTCCTTCAAGATTAAAATTTCCTAAAGATTTATTATCACGACTAAATTCTCTTTCCCCTTGTAAAACATTGATAGTTACAGCACTTTGATTATCTTCAGCGGTTGAGAAAACTTGCTCTTTTTTAGTTGGAATAGTTGTACCTTTTTCGATAATCTTAGTCATTACCCCGCCTAGAGTTTCTATACCCAAAGA	gi|1098464851|gb|CP017875.1|	1179233	1180098	TCTAATTTCAAACTAGAACTTCAAAGAGAATTGGTTAAAAAAATTAATGAAAAATTAGGCAATAAGCTGATTAAAGAATTATATTTTAGAGATTTTATCATCTCTTGAAAATTTTATAAAAATTTTCAAGCCTTTTAAAAAGGCTTGATTAAAGATCTTAGAGAGTTTTATTCGACTTCAGCGTCGATTACATCATCGTCTTTTTTCTTTTTATCATTTGCTGCATTTGGCTCATCTTTTTTATACATATTTTCAGCCAATTTATGAGAAACCTCGCTTAAAGCTTTCATTTTAGCTTCGATTTCTTCTTTACTTGCATTTTGATTTTTCAAAGTCTCACGCAAATCATCAAGAGCTTTTTGGATATTTTCTTTATCGCTATCAGCTACTTTTTCTCCAAGCTCATTTAGAGATTTTTCCACTTGGTGCGCCAAGCTATCTGCTGCATTTCTCACATCTACGGCTTCTTTGCGTTTTTTATCTTCTTCTTTGTGAAGTTCGGCATCTTTTACCATATTGTTAATCTCTTCTTCACTAAGTCCGCTTGAACCTGTGATTTTGATCTCTTGTGCTTTACCTGTTGCTTTATCTTTTGCAGAAACAGTTAAAATACCATTTGCATCGATGTCAAAAGTTACTTCGATTTGTGGCATACCGCGTGGTGCTGGTGGAATTCCTTCAAGGTTGAAATTTCCTAAAGATTTATTGTCACGGCTGAATTCTCTCTCACCTTGTAAAACATTGATGGTAACAGCACTTTGATTGTCTTCTGCAGTTGAGAAAACTTGCTCTTTTTTGGTTGGTATAGTTGTACCTTTTTCGATGATTTTAGTCATCACACCGCCTAAAGTTTCGATACCTAAAGA	0.0	1131.0	89.376	1/1	99	1.0	0.19896934725829388	1.0	0.719639271540403
gi|57236892|ref|NC_003912.1|orphan_25|Start:1071467|Strand:-	18	177	CAAGAAAAA-TATAAATTAAAAAATAAAATAATTCAATATAAAGGAGATA-AGCTTGGTTAAAAGTTTGTTTGATACCGCAGGTAACCCACTCTAGTTTCCCCAAAATGGCGCTTGGTTAATATGCCTTGACTATAAATAAACAAAGCAGTATAATAACTAC	gi|744805929|gb|CP007766.1|	624370	624531	CAAGAAAACCTACTAATTAAAAAGAAAAATAAAATTATAGAAAGGAGATAGAGTTTAGTTAAAAGTTTGTTTGGTACCGCAGGTAGCTCACTCTAGTTGCCCCAAAAAGGGGCTTGGTTAATATATCTTGACTATAAATAGGCAAAGTAGTATAATAACCAC	2.0099999999999998e-40	168.0	83.951	1/1	90	0.7333333333333334	0.5347581807788344	1.0	0.7171653632725921
gi|57236892|ref|NC_003912.1|orphan_9|Start:695304|Strand:-	1	558	AAGCATAAAAAAGAAAGGTATTGGGAAGTGACTAAACAAGAAATACAAAAACTCGATACAAATTTCCTAGGTCATCCCAAGCCTTTATTCTCTTTATCAATGGTAGAACTTTGGGAAAGATTTGCTTTTTATGGCATACGATCTTACTTGTGCTTTTCATGGCAACAACCATAAGCAAAGGTGGACTTGGAATAAGTACTGAATACGCCTCGGCAATTTATGGCATTTTTGCAGGATGCTTGTATTTAGCAGCACTTCCTGGAGGCTGGATTACTGATAATTATTTAGGGCAAAAAAAGGCTTTATTTTTAGGTTCTTTTATTATAGCTTTAGGACATATTAGCATAGCCTTATCTATTTTAAGCACACCTATATTTTTCCTAGGACTT-CTTTTATCGTTATTGGTACTGGATTTTTTAAAACTAGCGCTTCTGTAACAGTTGGAATGTT--GTATAAACAAAATGATACAAGATGCGATACTGGCTATACGATTTTTTATATAGGAATTAACATTGGAGCATTCATTGCTCCTCTTATATGTGGTTTTGTTCAAGCAAA	gi|1444880815|gb|CP012212.1|	585627	585096	AAGCATAAAAAAGAAAGGTATTGGGAAGTGACTAAGCAAGAAATACAAAAACTTAATACAAATTTCCTAGGTCATCCCAAGCCTTTATTCTCTCTATCAATGGTAGAACTTTGGGAAAGATTTGCTTTTTAT------------------------TC----CAACAACCATAAACAAAGGTGGACTTGGAATAGGCACTCAATACGCCTTGGCAATTTATGGCATTTTTGCAGGATGCTTGTATTTAGCAGCACTTCCTAAAGGCTGGATTACTGATAATTATTTAGGGTAAAAAAAGGCTTTATTTTTAGGTTCTTTTATTATAGCTTTAGGATATATTAGCATAGCCTTATCTATTTTGAGCACATCTATATTTTTCCTAGGACTTACTTTTATCGTTATTGGTGCTGGA-TTTTTAAAACCAGCGCTTCTGTAATGGTTGGAATGTTACATAAAAACAAAATGATACAAGTTGCAGTACTAGCTATACAATTTTTTATATAGGAATTAACATTGGAGCATTCATTGCTCCTCTTATATGTGGTTTTGTTCAAGCAAA	0.0	757.0	89.661	1/-1	100	1.0	0.18651246693191426	1.0	0.71527936342617
gi|57236892|ref|NC_003912.1|orphan_8|Start:526674|Strand:-	1	132	AAGAACTTAAGGGCAGAATCTCGCCCTTTACAATTGCGAAAGATGTATATAAACTTT-CACTTCTCTTATTGTAATTCATAGTTTGCAACTATCCATGTATTTGTCTTATCTCCTTTTCAATTATCTTTTATA	gi|1847317044|gb|CP053848.1|	621142	621010	AAGAGTTTAAGGGCAGAATCTCGCCCTTTGTAATTGTGAAAGATGTATATAAACTTTTCACTTCTCTTATTGTAATTCATAGCTTGTAACTATCCATGCATTTGTTTTATCTCCCTTCCAATTATCTTTTATA	8.81e-45	183.0	90.977	1/-1	77	1.0	0.13611514013136464	1.0	0.6976402990459776
gi|57236892|ref|NC_003912.1|orphan_24|Start:1071290|Strand:-	1	211	TAGAATGAGTTTTATGAGCCTCATTGAGTTACCTTCTTTCAGGGGTTTCACAATTTAGCCGTAGGGGGTCAGCCTGCGGCTTAAACCCTTAATGTAATT-TACCAAACAAACTCTTTAACTTCTGAAACAATTTATGAAAGATTTTTGTATAAGTTTTAATATTTTATATGAAAATTTAGGTGTAAGCTATAAACAAGAAGCCTTTCGAGCT	gi|2252974059|dbj|AP025965.1|	1128039	1127841	TAGAATGAGTTTTATG-------------TACCTCCTTTCAGGGGTTTCACAATTTAGCCGTAGGGGGTCAGCCTGCGGCTTAAACCCTTAATGTAATTATGCCAAACAAATTCTTTAACTTCTGAAACAATTTATGAAAGATTTTTGTATAAGTTTTAATATTTTATATGAAAATTTAGGTGTAAGCTATAAACAAGAAGCCTTTCGAGCT	1.1099999999999999e-82	310.0	91.981	1/-1	100	1.0	0.10510783610529553	1.0	0.6867877426368534
gi|57236892|ref|NC_003912.1|orphan_13|Start:773341|Strand:-	1	862	ATATCTTTTAAATTTTGTAAGCTTAATTCTTGGTTGCGATATTCAGCTATTGCATCTTGAATTTATTTTTCGCTAATTCTTAATTTTTTAAATGTCAAATCTTTATTATCGATATGCAAAACATACTCTCTTACAAAAACCTTAGCTTCATTTTGATCAGTTTGTAAATTTGCAATATTTGTAGTATTTTGCTCTTTAAAATTTACAGGGCTTTTTTGATTTTTTAATGTATTTTTTAA-TTTTTATTTTGTGGTCCATTTGCTTCAGAAGAGCTTTCTATAAGCTCTCTTATTTTATTATTATTTAGCTCTTCAGCATGTGAAAATACTTACAATAAGATTAAAACAACTAAAATTTTTCTCATTTTTATTTCCTATTTTGCATTTACACAAATGTTCATTGTCTTAAAATTATCACTTACAATACAACGCAAACCACTACTTCTAGCATCTACTTCTCCTATGTCCACTTGATCATCA---TCTTCTTTTTTTGTGTCTACTTTAGTTTGAATTTTTATAGGAGCTTCTACAACCTTTTCAGGAATTTCAGGCGGCAATACAGAAGGTTTGTCTGGATCTTCACCCCCTCCCTCTTTTTTTTGTTTATCTGGCTCATAGATAGATATATTTGATTTTTCTGGCAATGAGGCTAATTTTCCTTCAAAATTATATTTTCCAGTGTACACTTTACCATCTACATCGCTTCCATTTATAGCAAAACCTTGAGAATTTAGAATCTCATTTTCAAGCTTATAGTGAAATCCTTCATTTCCACTAAGATCCGCAAACTGCTTTTCAAGAGCTTCTTTTTGTTCTAAAAGTTTTGCATACATAACTCTAAGCGTTTCATCGCTAACTAAGCC	gi|1444892348|gb|CP012224.1|	641616	640763	ATATCTTTTAAATTTTGCAAGCTTAACTCTTGGTTGCGATATTCAACTATTGCATCTTGAATTTCTTTTTCACTAATTCTTAATTTTTTAAATGTCAAATCTTTATTATCGATATGCAAAATATACTCTCTTACAAAAACCTTAGCTTCATTTTGATCAGTTTGTGAATTTGTAATATTTGTAGTATTTTGCTCTTTAAAATTTACAGGGCTTTTTTGATTTTTTAATGTATTTTTTAAATTTTTATTTTGCGGTTCATTTGCTTCAGGAGAGCTTTCTATAAGCTCTCTTATTTTATTATTATTTAGCTCTTCAGCATGTGAAAATACTTGCAATAAGACTAAAACAACTAAAATTTTTCTCATTTTTATTTCCTATTTTGCATTTACACAAATATTCATTGTCTTAAAATTATCACTTACAATACAACGCAAACCACTACTTCTAGCATCTGCTTCTCCTATTTCTACTTGATCATCATCTTCTTCTTTTTTTGTGTCTACTTCGGTTTGAATTTTTATAGGAGCTTCTATAACCTTTTCAGGAATTTCAGGCGGCAATACAGAAGGTTTGTCTGGATCTTCACCCCC------------TTGTTTATCTGGCTCATAGATAGATATATTTGGTTTTTCTGGCAATGAGGCTAATTTTCCTTTAAAATTAAAATTTCCAGTGTATTTTTCACCATCTACATCGCTTCCATTTATAGCAAAACCTTGGGAATTTAAAATTTCATTTTCAAGCTTATGGTGAAATCCTTCATTTCCACTAAGATCCGCAAACTGCTTTTCAAGAGCTTCTTTTTGTTCTAAAAGTTTTTCATATATAGCCCTTAATGTTTCATCGCTAACTAAGCC	0.0	1315.0	93.649	1/-1	100	1.0	0.0660679261036964	1.0	0.6731237741362938
gi|57236892|ref|NC_003912.1|orphan_21|Start:893621|Strand:-	1	71	GTTTAAAGCTTTTTTCTTAAAATGTAATTAGGTTTTATTGACTTTTTCTAAATAAAGTCTTATACTGAATT	gi|2006475114|gb|CP071519.1|	818195	818125	GTTTAAAGCTTTTTTCTTAAAATGTGATTAGGTTTTATTGACTTTTTATAAATAAAGTCTTATACTGAATT	2.65e-26	120.0	97.183	1/-1	100	1.0	0.021398854577290287	1.0	0.6574895991020516
