gi|385671628|ref|NC_008787.1|orphan_16|Start:1141674|Strand:+	7	677	TACTTCTTAAATCAACATACAAATGAAAAGATTAAAGAATTTTATGGTGCTTTATTTTTTGCACTGCCCATATCTTTAGAGCTTAGAAACGATGTAAATTACTACGGTATAGCACACCTTATAGCAATTAGCGGTTATCACATAGGCTTACTTTTTAGTTTAATTTTCTTTATTTTAGCTCCAATTTATAGTTTTTTCCAAAAAAGATATTTTCCTTATAGAAATTTACGTTTAGATTTAAGTATTTTAATTTTTGCACTACTTTTAGCTTATGCTTGTTTAATAGGATTTGTCCCTTCTTTTGTGCGCTCCTTGATTATGGC--TTTTTGGATTTTTTATCTATTGTGTAAAAATATAAAAATCATTAATTTCGTTACGCTTTTTTGTA-GTATTTTATTGTGCATTTCTCTTTACCCTAGACTTTTATTTAGTATTGGATTTTTATTTTCTATTTTAGGTGTTTTTTATATTTTTTTATATATGCATCATTTTGCAAATAAATTTAATAATCTTATAAATATTATTTTGCTTAATATTTGGACTTTTTTTGCTATGGTTTTACCTGTGCTTTATTTTTTTCCACTTATAAGCTACCAACAAATTTTAGGTATTATTTTGAGTGGAATTTTTGTAATATTTTATCCTTTAGTATTATTTTTGCATCTTATAAA	gi|1173741276|gb|CP020478.1|	223531	224201	TATTTTTTAAATCAGCATAAAAATGAAAAAATGCAGGAATTTTACGGGGCTTTATTTTTTGCTAAGAGTATTTCAAAAGAATTAAGAAATGATGTGAATCATTATGGTATCGCGCATTTAATTGCTATTAGTGGTTATCATATTGGACTTTTGTTTAGTTTAATCTTCTTTCTTCTAGCTCCACTTTATAGCTTTTTTCAAAAGCGTTATTTTCCCTACCGCAATTTAAGATTTGATTTGAGCATTTTTATTTTTATCTTGCTTTTTGCTTATGCGTATTTGATAGGCTTTGTGCCGAGCTTTACGCGTTCTTTGGTGATGGCACTTTTTGGGTTTT--ATTTACTCATTAAAAATATTAAAATTTTGAGCTTTTTTAA-CTTATTTTTATGTGTTTTAATCTGCATTAGTCTTTATCCAAATTTGCTTTTTAGTGTGGGATTTTTCTTTTCTGTTTTGGGGGTTTTTTATATTTTTTTATATTTACATCATTTTGCAAAATTCTTTAGCACTTTTGTGAATCTTGTTTTGGTCAATGTTTGGACTTTTTTGATGATGATTATCCCTGTGCTTTATTTTTTCCCGCTTATTTCTTATCAGCAGTTTTTGGCTATCTTTTTAAGTCTTATTTTTGTGCTTTTTTATCCTTTGGTTTTATTTCTACATCTCATAAA	1.72e-113	415.0	74.036	1/1	76	1.0	0.9927661660436115	1.0	0.997468158115264
gi|385671628|ref|NC_008787.1|orphan_7|Start:397711|Strand:+	8	410	TATATACTTCCTTTAGGTTTTAAACCTAA-TGTTCTTTTTAATTATCATTGTTAAGAGTCACAAGCAAGTTTTAATAAAAACAATTTTACAGGACTTGTTAAAGGATAAAACCTATTTATCTTTTCTTTAGTTATTACTACTAAAGACAAGTTTCAAACTCACAGCTTAGTTGAGACTAAATCATTTAGTTTTATATTAAGTGTTTGAATGCTTTCCGTCTTAAGATAAAGAAGTCTTATCATAAAAACTTTAACAAGGAAGTGATGCGTTTTAGAATCAATAATAAAAGGTAAA---------------------------------------------AAAGGTAAGCTACTAAGAGCGAATGGTGGATGCCTTGACTGGTAAAGGCGATGAAGGACGTACTAGACTGCGATAAGCTACGGGGAGCTGTCAAGAAGCTTTGATCCGT	gi|2055832883|gb|CP076657.1|	1196395	1195984	TATATATTTACTTTAGGTTTTA--CCTAAATGTTCTTTT-ACTTATCAATGTTAAGAGTCACAAGCAAGTTTTAA--AAAACAATTTTACTAAGCTTGTTAAAGAATAAGATTT-TATAT-TTTTCTTTAGT-ATAAATATTA----------TCTAA----------AGTTGAGTTTTAAT-ATTTA--TTTATA---AGTATTA-AATGCTTTCCGTCTTGA-ATATAAAAGACTTATTGTAAAA-CTTTAACAAGGAAGTGATGCGTTTTAGAATAAAAGGTAGAAGTTAGATTCTAGTCTAACTTTTATGCAAACTTCTTTTTTATAAAGAAGTCAAAAGGTAAGCTACTAAGAGCGAATGGTGGATGCCTTGACTGGTAAAGGCGATGAAGGACGTACTAGACTGCGATAAGCTACGGGGAGCTGTCAAGAAGCTTTGATCCGT	1.1300000000000002e-73	281.0	73.719	1/-1	98	1.0	0.9872618184433306	1.0	0.9955416364551657
gi|385671628|ref|NC_008787.1|orphan_2|Start:41103|Strand:+	8	410	TATATACTTCCTTTAGGTTTTAAACCTAA-TGTTCTTTTTAATTATCATTGTTAAGAGTCACAAGCAAGTTTTAATAAAAACAATTTTACAGGACTTGTTAAAGGATAAAACCTATTTATCTTTTCTTTAGTTATTACTACTAAAGACAAGTTTCAAACTCACAGCTTAGTTGAGACTAAATCATTTAGTTTTATATTAAGTGTTTGAATGCTTTCCGTCTTAAGATAAAGAAGTCTTATCATAAAAACTTTAACAAGGAAGTGATGCGTTTTAGAATCAATAATAAAAGGTAAA---------------------------------------------AAAGGTAAGCTACTAAGAGCGAATGGTGGATGCCTTGACTGGTAAAGGCGATGAAGGACGTACTAGACTGCGATAAGCTACGGGGAGCTGTCAAGAAGCTTTGATCCGT	gi|2055832883|gb|CP076657.1|	1457330	1456919	TATATATTTACTTTAGGTTTTA--CCTAAATGTTCTTTT-ACTTATCAATGTTAAGAGTCACAAGCAAGTTTTAA--AAAACAATTTTACTAAGCTTGTTAAAGAATAAGATTT-TATAT-TTTTCTTTAGT-ATAAATATTA----------TCTAA----------AGTTGAGTTTTAAT-ATTTA--TTTATA---AGTATTA-AATGCTTTCCGTCTTGA-ATATAAAAGACTTATTGTAAAA-CTTTAACAAGGAAGTGATGCGTTTTAGAATAAAAGGTAGAAGTTAGATTCTAGTCTAACTTTTATGCAAACTTCTTTTTTATAAAGAAGTCAAAAGGTAAGCTACTAAGAGCGAATGGTGGATGCCTTGACTGGTAAAGGCGATGAAGGACGTACTAGACTGCGATAAGCTACGGGGAGCTGTCAAGAAGCTTTGATCCGT	1.1300000000000002e-73	281.0	73.719	1/-1	98	1.0	0.9872618184433306	1.0	0.9955416364551657
gi|385671628|ref|NC_008787.1|orphan_10|Start:694861|Strand:+	8	410	TATATACTTCCTTTAGGTTTTAAACCTAA-TGTTCTTTTTAATTATCATTGTTAAGAGTCACAAGCAAGTTTTAATAAAAACAATTTTACAGGACTTGTTAAAGGATAAAACCTATTTATCTTTTCTTTAGTTATTACTACTAAAGACAAGTTTCAAACTCACAGCTTAGTTGAGACTAAATCATTTAGTTTTATATTAAGTGTTTGAATGCTTTCCGTCTTAAGATAAAGAAGTCTTATCATAAAAACTTTAACAAGGAAGTGATGCGTTTTAGAATCAATAATAAAAGGTAAA---------------------------------------------AAAGGTAAGCTACTAAGAGCGAATGGTGGATGCCTTGACTGGTAAAGGCGATGAAGGACGTACTAGACTGCGATAAGCTACGGGGAGCTGTCAAGAAGCTTTGATCCGT	gi|2055832883|gb|CP076657.1|	592679	593090	TATATATTTACTTTAGGTTTTA--CCTAAATGTTCTTTT-ACTTATCAATGTTAAGAGTCACAAGCAAGTTTTAA--AAAACAATTTTACTAAGCTTGTTAAAGAATAAGATTT-TATAT-TTTTCTTTAGT-ATAAATATTA----------TCTAA----------AGTTGAGTTTTAAT-ATTTA--TTTATA---AGTATTA-AATGCTTTCCGTCTTGA-ATATAAAAGACTTATTGTAAAA-CTTTAACAAGGAAGTGATGCGTTTTAGAATAAAAGGTAGAAGTTAGATTCTAGTCTAACTTTTATGCAAACTTCTTTTTTATAAAGAAGTCAAAAGGTAAGCTACTAAGAGCGAATGGTGGATGCCTTGACTGGTAAAGGCGATGAAGGACGTACTAGACTGCGATAAGCTACGGGGAGCTGTCAAGAAGCTTTGATCCGT	1.1300000000000002e-73	281.0	73.719	1/1	98	1.0	0.9872618184433306	1.0	0.9955416364551657
gi|385671628|ref|NC_008787.1|orphan_4|Start:273206|Strand:+	5	797	CTTCTTTTTAGCGCTAAAATGACATAAAGTA--GAACAAAGTATACAAAGAATACAAGCACTAAGGAGCATG-ATAAGACCAGCATTCCAACTACCATAGTAATCCACAGCCCAACCTAT--GCTTTTGTTCCAAGTGAAGCGCCGACTACATAACTCATAAAGCCATGAAGTCCTACACAAGATTCTACTGCAAAAGCAGGAACGACTTCCATAGTTTGCATACTTGCTAAAAATTGTGGTATATAGACTAAACACCCCGCCATAGCTGCAAAGAAAATAACCATATAAAGATTATTTGAAGTAAAATATCCAATAATCATAAAGAAAATAATCACTATGGCGCCTATAGCAGGAGGCATTCTATAGCCTTTAAAAATTTTATCTGAAATATATCCTGCAAGTAAAGTAGAAGGTATAGCAGCCCATTCAAAAAGCCAAAAGGCAATACCTATTTGTTCTTTATTAAAGCCTTTTGTTTCTAGCAAGTAAATAGGAAGCCAAGAAATAAGCCCAAAACGCACCATATAAACAAAAGTATCCATCCAAGCCACATACCAAGCATTTTTGTTTTTAAGTACATAATGATAAAAAATTTCAAAACTGCTTAAATTTGGAGTT---TCTATAGCTTTGATTTCTTCTGTTTTAATCCCTCGCATTTCATTGATTTCAGTAATATCAACCAAACCTTCATTTTTAGGATTTCCTTTAACTGCATAAAGCGCATAAAGACTAATGATAACTGCACAAGCAGCAGGAGTATAAAAATGATTCATGTGCCAATATGTTTCGTTAAAAT	gi|2198381838|gb|CP059600.1|	1575121	1575911	CTTATTCTTAGCACCAAAGTGGCA--AAGTAAAGAAAACACAATACACATAATACAAGCAAATAAAAGCATATATAA-ACCTGCATTCCAACCAAAAGCATCAACCATAGC---ACCTAAAAGCATA-GTTCCTAAAGAAGCTCCTACGACATAGCTCATAAACCCACGAAGACCAACGCAAGAACCTACAGCAAAAGCAGGAACAACTTCCATAGTTTGAACACTTGCTAAAAATTGTGGCACATATACTAAACACCCAGCTGCTGCTGCAAAAAATATAGTGTAGTAAATATTATCGCTCGTAAAATATCCAATAATCATAAAAAATATTATACAAACAGCAAGAATTGCAGGTGGCATTCTATATCCTTTAAATAATCTATCAGATATAATTCCTGCTAACATTGTTGATGGAATTGCAGCCCATTCAAAGAATAAAAACGCTGTATGCATTTGCTCTTTACTAAAGCCTTTTACAGATAAAAGATAAATAGGAAGCCAATTTATCAACCCAAATCTAATCATATAAACAAAAGTATCCATCCAAGCAACATACCAAGCATTAGGGTTTTTTAGAACATATTTAACAAATATTTCTTTACTACTTAAATCAGTAGTTGAAGCTGAGTTTTTAATATCTTCT-TCATAA--CCTCTTAATTTATTAATCTCGTTTAATTCTTTTAACCCTTCATTTTTAGGATTACCCTTAACAGCGTATAAAACATAAACACTAATTAACAAGGCTAAAATTGCTGGGACATAAAAGTGATTTACTTTCCAATAAGTAGCATTAAAAT	5.06e-107	393.0	71.66	1/1	99	1.0	0.9165367401991206	1.0	0.9707878590696921
gi|385671628|ref|NC_008787.1|orphan_9|Start:692545|Strand:+	1	368	TCCTTTTTTGAAAAAAAGGACTTAAAATCTTTTAAATTATA----AAGTTTCACTA--GCTTAGT--AGATTTTATAAATTAACTCTTT-TGGTTTTTATTTTATA---AA--CTA---AAAGCTTT-----TTTATAAATCTTGTTTTTTAATTTAAAAACTTTTCTTT----TAA-AAATGATTTTTTGTTTT-GTTCTTTTAAATTAGTATTGTTATT-CAAATCTTATTAGTCAATCTTTGAAATCTAAATAAGTGATCGATTGAGCCAGATAAAGATTTAGGCATAAGCAATTATGTAAAATCTATTCAATCTAATAATTAAAAAGATTAAAAGCTTTTC-TTTTAATCTTTCATAACTTTTTCTTTGAAGAAAAAGATTAAACTATCTATAA	gi|1314920675|gb|CP025281.1|	382221	382607	TCCTTTTTC--AGAAAAGGACTTAAGATCTTT-AAATTATAGTCTAAAGTTAACTAAAGTTAAATTAAGATTTTATAAACCCTATGTTTCTAGTTTTAAATTAATCTTTAATCCTAGCTAAAGCAATCTAAGTTTATAAAACTTTATTATTACT----AAACTTTATTTACATATAATAAACGATTTTTTGTTTTTGTTCTTTAAAATTAATATTGTTATTTCAAATCTTATTAGTCAATCTTTGAAATCTAAATAAGTGATCGATTGAGCCAG--AAGGATTTAGGCATAAGTAATTATGTAAAATCTATTCAATCTAAATATT-TAAAGATTAAAAGTTTTTCTTTTTAATC-TTCATTACTTTTTCTTTGAAGAAAAAGATTAAACTATCTATAA	8.84e-81	305.0	79.648	1/1	100	1.0	0.8446942934361414	1.0	0.9456430027026494
gi|385671628|ref|NC_008787.1|orphan_0|Start:38782|Strand:+	1	373	TCATTTCCTTTTTTGAAAAAAAGGACTTAAAATCTTTTAAATTATA----AAGTTTCACTA--GCTTAGT--AGATTTTATAAATTAACTCTTT-TGGTTTTTATTTTATA---AA--CTA---AAAGCTTT-----TTTATAAATCTTGTTTTTTAATTTAAAAACTTTTCTTT----TAA-AAATGATTTTTTGTTTT-GTTCTTTTAAATTAGTATTGTTATT-CAAATCTTATTAGTCAATCTTTGAAATCTAAATAAGTGATCGATTGAGCCAGATAAAGATTTAGGCATAAGCAATTATGTAAAATCTATTCAATCTAATAATTAAAAAGATTAAAAGCTTTTC-TTTTAATCTTTCATAACTTTTTCTTTGAAGAAAAAGATTAAACTATCTATAA	gi|1314920675|gb|CP025281.1|	647527	647918	TCATTTCCTTTTTC--AGAAAAGGACTTAAGATCTTT-AAATTATAGTCTAAAGTTAACTAAAGTTAAATTAAGATTTTATAAACCCTATGTTTCTAGTTTTAAATTAATCTTTAATCCTAGCTAAAGCAATCTAAGTTTATAAAACTTTATTATTACT----AAACTTTATTTACATATAATAAACGATTTTTTGTTTTTGTTCTTTAAAATTAATATTGTTATTTCAAATCTTATTAGTCAATCTTTGAAATCTAAATAAGTGATCGATTGAGCCAG--AAGGATTTAGGCATAAGTAATTATGTAAAATCTATTCAATCTAAATATT-TAAAGATTAAAAGTTTTTCTTTTTAATC-TTCATTACTTTTTCTTTGAAGAAAAAGATTAAACTATCTATAA	1.73e-83	314.0	79.901	1/1	100	1.0	0.8289008811809793	1.0	0.9401153084133427
gi|385671628|ref|NC_008787.1|orphan_5|Start:395392|Strand:+	1	373	TCATTTCCTTTTTTGAAAAAAAGGACTTAAAATCTTTTAAATTATA----AAGTTTCACTA--GCTTAGT--AGATTTTATAAATTAACTCTTT-TGGTTTTTATTTTATA---AA--CTA---AAAGCTTT-----TTTATAAATCTTGTTTTTTAATTTAAAAACTTTTCTTT----TAA-AAATGATTTTTTGT-TTTGTTCTTTTAAATTAGTATTGTTATT-CAAATCTTATTAGTCAATCTTTGAAATCTAAATAAGTGATCGATTGAGCCAGATAAAGATTTAGGCATAAGCAATTATGTAAAATCTATTCAATCTAATAATTAAAAAGATTAAAAGCTTTTC-TTTTAATCTTTCATAACTTTTTCTTTGAAGAAAAAGATTAAACTATCTATAA	gi|1026296924|gb|CP015528.1|	36198	36590	TCATTTCCTTTTTC--AGAAAAGGACTTAAGATCTTT-AAATTATAGTCTAAAGTTAACTAAAGTTAAATTAAGATTTTATAAACCCTATGTTTCTAGTTTTAAATTAATCTTTAATCCTAGCTAAAGCAATCTAAGTTTATAAAACTTTATTATTACT----AAACTTTATTTACATATAATAAATGATTTTTTGTGTTTGTTCTTTAAAATTAATATTGTTATTTCAAATCTTATTAGTCAATCTTTGAAATCTAAATAAGTGATCGATTGAGCCAGA--AGGATTTAGGCATAAGTAATTATGTAAAATCTATTCAATCTAAATATT-TAAAGATTAAAAGTTTTTCTTTTTAATCTTCAATTACTTTTTCTTTGAAGAAAAAGATTAAACTATCTATAA	1.42e-84	317.0	79.901	1/1	100	1.0	0.8289008811809793	1.0	0.9401153084133427
gi|385671628|ref|NC_008787.1|orphan_19|Start:1531082|Strand:+	1	172	ACTAAATATATTTTGGGTTTTGCAATCAAAAAAGAAAAAATTTGGAAGACTATGCTTCCAAATTTTTGCATCAAATTTTCTAAGGGAGTTAAATTTTCAAAAATTAATCTAATTTTTGACCTAGGACATTTCCTTGCATATCCGTATAAACTTTCATGTTATTATTAAACTT	gi|1954967667|gb|CP066243.1|	1010919	1010753	ACTAAATATATTTTGGGTTTTGCAATCAAAAAT--AAAAATTTGGAAGACTATGCTTCCAAATTTTTGCATCAAATTT-CTAAGG-AGTTAA-TTTTCAAAAATTAATCTAATTTTTGACCTAGGATATTTCCTTGCATATCTGTATAAACTTCCATATTGTTATTAAACTT	2.5200000000000002e-64	248.0	93.605	1/-1	100	1.0	0.06691943670668453	1.0	0.6734218028473395
gi|385671628|ref|NC_008787.1|orphan_12|Start:875231|Strand:+	1	888	AAAAATATGAATAAGTTATTAATCAAGGAGTAATATTATGCTTTCCACATACTTAGTTGTTAGCTTTTTAATATTTATTGTGTTGTTTTTTTCAATTTTAAGTTTTTATATGGTTTTTCTAAAAAACAGAAATACAGAAAAAAGGGAAACTAAAATAATTAATAAAATTTTATTTCTCTTATGTTTTCTCTTGCTAATTTCAATTTCGATTTTAATTGGAGTTTATTTAGGAGTATTAACAACTGTTAAATCTGTCGTAATTGCTTTTATTGCATTAGTTTTTATATTATCGTTGTTTTTTATAGCTTTTTCTGTAAATTGTGCTATTTTAGATTCTATTTTATCTTTAAACAAAAGGCTATAAAGCCTTTTGTTTAAATAGAAGGAGTATCTTTTCCAATAGGATTCCAATTTTTAGAAGTTTCCCTAATAGCATTACCTCC-TTTTTATTATCTTGAGCTATTTGTGAGTGAGTTGCTCCGCTTTTAACTTCTTGACTATCTGGCATTGTTGTAGTGTTGCTTGTTCTTTTACTACTTTGATTTACTTGATCTTGATTTAAATTAGATTGAGTTAAAACACTTCTTTCTGATCCATCAATGGTTTTAAAATTCATACCTGCAGCGTGTGGCATAGTAGTGTTATTTGGACTAACAATGCTTTGAGCGCCATATTGACTATTATATTGTGCAAGTTGTGCAGGATCATTCTTAACCATATCGGATACATAATTATCTGCTTTTGCAAAGTATTCATTTTGTTGAGCTGTATTAAGATTGCTAAAGTCTTTATTATCTCCAGCAGCAAGATCTCTTGCAACCACATTAAGTGTATTGTCAATATTATTAGTACTAACAGATTGAATACCTTGTTCTGTTTGGGTATAGC	gi|1708277625|gb|CP038862.1|	1049723	1048835	AAAAATATGAATAAGTTATTAATCAAGGAGTAATATTATGTTTTCCACATACTTAGTTGTTAGCTTTTTAATATTTATTGTGTTGTTTTTTTCAATTTTAAGTTTTTATATGGTTTTTCTAAAAAACAGAAATACAGAAAAAAGGAAAACTAAAATAATTAATAAATTTTTATTTCTCTTATGTTTTCTCTTGCTAATTTCAATTTCGATTTTAATTGGAGTTTATTTAGGAGTGTTAACAACTGTTAAATCTGTCGTAATTGCTTTTATTGCATTAGTTTTTATATTATCGTTGTTTTTCATGGCTTTTTCTGTAAATTGTGCTATTTTAGATTCTATTTTATCTTTAAACAAAAGGCTATAAAGCCTTTTGTTTAAATAGAAGGAGTATCTTTTCCAAGAGGATTCCAATTTTTAGAAGTTTCCCTAATAGCATTACCTCCTTTTTTATTATCTTGAGCTATTTGTGAGTGAGTTGCTCCGCTTTTAACTTCTTGACTATCTGGCATTGTTGTAGTATTGCTTGTTCTTTTACTACTTTGATTTACTTGATCTTGATTTAAATTAGATTGAGTTAAAACACTTCTTTCTGATCCATCAATGGTTTTAAAATTCATACCTGCAGCGTGTGGCATAGTAGTGTTATTTGGACTAACAATGCTTTGAGCGCCGTATTGACTATTATACTGTGCAAGTTGCGCAGGATCATTTTTAATCATATCGGATACATAATTACCTGCTTTTGCAAAGTATTCATTTTGTTGAGCTGTATTAAGGCTGCTAAAGTCTTTATTATCTCCTGCAGCAAGATCTCTTGCAACCACATTAAGTGTATTGTCAATATTATTAGTACTGACAGATTGAATACCTTGTTCTGTTTGTGTATAGC	0.0	1510.0	97.75	1/-1	100	1.0	0.017536742436761253	1.0	0.6561378598528664
